is_breaking_time,is_working_time,is_sleeping_time,time_cos,time_since_last_msg,mood,boredom,energy,noise,target
False,True,False,-0.866,2451,-33,-61,-46,0.04,0
False,True,False,-0.259,257,-76,32,-57,0.756,1
False,True,False,-0.707,2848,-19,15,7,0.022,0
False,False,True,0.5,48,-25,87,50,0.042,0
False,False,True,0.966,1083,-80,-6,-13,0.359,0
False,True,False,-0.866,10,78,67,82,0.574,0
False,True,False,-0.0,317,-44,-56,61,0.754,0
False,True,False,-0.0,391,90,-20,2,0.161,1
True,False,False,-0.0,253,-44,-58,78,0.558,0
False,False,False,-0.2,1620,-88,-88,90,0.908,0
False,True,False,-0.707,617,-60,-51,41,0.904,0
False,False,True,0.5,3,-98,-68,27,0.19,0
True,False,False,-0.0,2876,-85,-89,85,0.062,0
True,False,False,-0.966,0,42,78,76,0.033,1
False,False,True,0.866,1514,85,-37,14,0.67,0
False,False,True,0.866,197,19,36,-5,0.219,0
False,False,True,0.0,265,-72,60,69,0.247,0
False,True,False,-0.0,315,-6,14,3,0.158,0
False,False,True,0.259,338,33,79,99,0.855,0
False,False,False,-0.991,258,-91,96,-56,0.323,0
False,True,False,-0.966,52,-97,-91,88,0.882,0
True,False,False,0.259,282,59,89,-31,0.376,1
False,True,False,-0.5,79,29,52,79,0.504,1
True,False,False,0.5,842,-5,17,12,0.382,1
True,False,False,-1.0,2871,-22,-52,60,0.473,0
True,False,False,-1.0,8,7,-17,20,0.056,0
False,False,True,0.0,609,-88,93,-60,0.773,0
True,False,False,-1.0,143,80,20,65,0.809,1
False,True,False,-0.0,266,61,22,60,0.416,0
False,True,False,-0.5,2510,-52,69,76,0.025,1
False,True,False,-0.866,7,-79,-24,89,0.979,0
False,False,False,-0.74,5,-33,-12,-30,0.437,0
False,True,False,-0.259,1162,9,-35,-50,0.572,0
False,True,False,-0.707,8,47,91,88,0.95,0
False,True,False,-0.0,5,-9,-64,44,0.857,0
True,False,False,-1.0,135,73,32,66,0.238,1
False,False,True,0.0,127,31,64,81,0.7,1
False,False,False,0.534,1920,72,92,85,0.183,1
False,True,False,-0.707,82,-98,13,100,0.461,0
False,False,True,-0.259,154,1,-3,9,0.08,0
False,False,True,-0.259,101,-98,-86,44,0.542,0
True,False,False,0.5,89,-44,30,60,0.676,1
True,False,False,0.707,83,1,53,80,0.045,1
False,False,True,1.0,314,29,62,75,0.27,0
False,True,False,-0.966,321,-33,-90,-18,0.405,0
False,False,False,-0.425,225,-6,62,97,0.973,1
False,True,False,-0.259,68,-85,5,90,0.184,0
False,True,False,-0.5,5,-7,-2,-42,0.294,0
True,False,False,0.259,339,-100,69,93,0.524,1
False,False,False,-0.529,111,-4,-33,20,0.564,0
False,False,True,0.966,177,-92,93,-98,0.847,0
False,True,False,-0.0,210,41,33,-13,0.707,1
True,False,False,-0.0,6,-70,36,95,0.768,1
False,False,False,-0.857,2,-3,-10,31,0.076,1
False,True,False,-0.866,569,65,87,62,0.502,1
False,True,False,-0.0,1864,-5,-31,-18,0.848,0
True,False,False,-1.0,356,-35,-26,-96,0.429,1
False,False,True,0.259,2248,88,36,-7,0.433,0
False,False,False,0.802,859,16,-14,55,0.251,1
False,False,False,0.728,1358,100,-95,99,0.857,0
False,True,False,-0.259,67,60,60,67,0.46,0
False,True,False,-0.5,295,4,-5,61,0.532,1
False,False,True,0.866,2230,30,64,75,0.505,1
False,True,False,-0.5,275,61,17,96,0.233,1
False,False,True,0.966,518,35,66,-73,0.098,0
False,True,False,-0.0,299,-34,0,40,0.5,0
False,False,False,-0.669,68,25,94,-57,0.508,0
False,False,True,0.966,10,40,-50,-38,0.63,0
False,False,True,0.5,3,-51,-37,85,0.071,0
False,False,False,-0.777,1738,-30,-58,45,0.248,0
False,False,False,0.912,51,81,20,54,0.269,0
True,False,False,0.5,309,72,78,69,0.478,1
True,False,False,-0.966,133,-22,-73,56,0.081,1
False,False,False,-0.246,9,58,79,-74,0.411,0
True,False,False,-0.966,150,2,-36,30,0.044,1
False,False,True,0.966,336,-53,-76,65,0.458,0
False,True,False,-0.5,2581,-53,-74,54,0.483,0
True,False,False,-1.0,61,-21,47,97,0.464,0
False,False,False,-0.507,8,63,5,45,0.684,1
True,False,False,-1.0,301,-69,39,64,0.515,1
True,False,False,-0.0,0,-25,-64,67,0.031,0
True,False,False,0.5,596,3,5,65,0.273,1
False,True,False,-0.0,321,21,63,-34,0.779,1
True,False,False,0.707,118,-95,-86,-4,0.065,0
False,True,False,-0.707,334,-29,-22,32,0.867,0
False,False,True,0.259,158,26,96,0,0.307,0
False,True,False,-0.866,2817,-45,-67,63,0.917,1
False,False,False,-0.923,2,97,95,88,0.276,1
False,True,False,-0.707,2550,-68,-49,94,0.627,0
False,False,True,-0.259,5,54,93,76,0.291,0
True,False,False,-1.0,219,-54,40,93,0.074,1
False,False,True,0.966,1647,1,9,-53,0.704,0
False,False,True,0.0,300,88,-100,18,0.602,0
True,False,False,-0.0,172,-1,-31,26,0.717,1
False,True,False,-0.966,288,30,71,-64,0.377,0
False,False,False,0.956,502,-42,28,7,0.658,1
True,False,False,-0.966,67,64,58,70,0.99,1
False,False,False,-0.828,142,93,-96,-45,0.318,0
False,True,False,-0.259,258,-58,-67,91,0.741,0
False,False,True,0.866,0,43,93,-50,0.657,0
True,False,False,0.5,8,83,52,47,0.575,1
True,False,False,-0.966,588,91,87,97,0.508,1
False,True,False,-0.966,127,39,23,-9,0.797,0
False,False,True,0.259,2,39,91,-34,0.114,0
False,True,False,-0.966,10,-59,-88,48,0.745,0
False,False,False,0.562,191,6,75,90,0.771,1
True,False,False,0.259,293,1,-83,24,0.338,0
False,False,True,0.259,2610,50,90,60,0.314,1
False,False,False,0.07,187,100,95,30,0.291,1
False,True,False,-0.5,346,70,32,59,0.478,1
False,False,True,0.966,10,94,-94,27,0.099,0
False,True,False,-0.866,334,-41,-33,66,0.793,1
True,False,False,0.707,1,-99,-91,-96,0.367,0
False,False,True,1.0,128,-45,-63,-3,0.159,0
False,True,False,-0.0,61,20,-30,83,0.344,0
False,False,False,-0.334,120,1,5,-61,0.914,0
False,False,True,0.5,27,66,68,89,0.998,0
False,False,False,-0.17,716,-94,94,-17,0.084,1
False,False,True,0.866,8,10,15,-15,0.201,1
False,True,False,-0.707,7,48,77,-79,0.22,0
True,False,False,0.5,3,52,80,-63,0.883,0
False,True,False,-0.707,266,-36,-45,5,0.387,0
False,True,False,-0.966,246,39,-39,65,0.729,0
False,False,False,-0.95,720,43,62,85,0.897,1
True,False,False,-0.966,355,71,47,33,0.776,1
False,False,False,-0.917,2,22,41,95,0.967,0
False,False,True,0.5,359,-75,62,60,0.651,0
False,True,False,-0.707,37,10,-27,-48,0.638,1
True,False,False,0.5,28,65,-16,29,0.757,1
False,False,True,1.0,105,-22,-40,50,0.892,0
True,False,False,0.259,152,-59,95,62,0.734,1
False,True,False,-0.259,151,86,-7,17,0.059,1
False,False,False,-0.78,1415,36,11,-16,0.345,1
False,False,False,-0.032,88,-90,-93,65,0.001,0
False,False,False,-0.21,8,9,23,26,0.201,1
False,False,False,0.992,262,-31,29,-12,0.474,0
True,False,False,-0.966,311,-43,-48,68,0.518,1
False,True,False,-0.866,2618,73,78,24,0.679,1
False,False,True,0.0,91,18,-39,9,0.247,0
False,False,True,0.707,198,88,-10,-20,0.809,0
False,False,False,0.84,1201,9,43,-6,0.685,0
True,False,False,-0.966,1,95,91,99,0.657,1
True,False,False,0.707,124,94,88,-89,0.556,1
False,False,True,0.259,6,26,55,73,0.664,0
False,False,True,1.0,60,32,41,70,0.519,0
False,False,True,0.966,65,22,90,-63,0.04,0
False,False,False,-0.887,7,-88,81,-21,0.234,0
True,False,False,-1.0,1513,37,74,81,0.548,1
False,False,False,-0.843,10,39,27,24,0.387,1
True,False,False,-1.0,2444,-4,16,-8,0.968,1
True,False,False,0.5,1169,-56,50,77,0.533,1
False,False,False,-0.654,271,-27,65,99,0.13,1
True,False,False,0.259,29,98,-24,91,0.694,1
False,False,True,0.866,254,24,-41,-21,0.287,1
False,False,False,0.165,354,-28,49,-10,0.316,1
False,False,False,0.916,303,-24,95,93,0.839,1
False,True,False,-0.966,884,-7,63,18,0.258,0
False,False,True,0.5,1,33,66,93,0.8,0
False,True,False,-0.866,139,-96,-87,-98,0.182,0
False,True,False,-0.0,204,33,72,84,0.675,1
False,True,False,-0.259,126,92,8,98,0.382,1
False,False,True,0.5,9,91,40,53,0.938,0
False,True,False,-0.866,1,62,71,75,0.593,0
False,True,False,-0.259,676,24,-24,11,0.041,0
False,True,False,-0.707,2628,-2,5,-88,0.491,1
False,False,False,0.88,1233,-44,-85,39,0.441,0
False,False,True,0.259,340,99,54,-91,0.899,0
False,False,True,1.0,324,35,-45,2,0.713,0
False,False,True,-0.259,167,92,-98,25,0.681,0
True,False,False,-0.0,81,37,75,-57,0.067,1
False,True,False,-0.259,269,-56,-52,43,0.134,0
False,True,False,-0.866,293,-72,55,82,0.152,0
False,False,True,0.707,5,93,26,-50,0.934,0
False,True,False,-0.866,206,-42,-37,94,0.197,1
False,True,False,-0.866,123,-54,2,-10,0.215,0
False,True,False,-0.259,4,-91,2,-89,0.314,0
False,False,False,-0.81,2,-37,-89,51,0.272,1
True,False,False,-0.0,119,72,67,68,0.299,1
False,False,True,0.259,0,66,69,64,0.139,1
False,True,False,-0.966,5,-20,-44,45,0.223,1
False,True,False,-0.0,17,-50,-87,85,0.538,1
False,True,False,-0.866,721,24,69,79,0.972,0
False,False,True,0.966,15,64,39,44,0.409,0
False,True,False,-0.5,311,-32,-49,41,0.591,1
False,False,False,0.967,248,17,56,80,0.706,1
False,True,False,-0.0,216,-75,42,71,0.848,1
True,False,False,-1.0,83,-12,-17,-5,0.977,0
False,True,False,-0.866,175,68,95,-71,0.141,0
False,False,True,0.966,10,-20,-87,65,0.321,0
False,True,False,-0.866,2082,-91,25,86,0.918,0
False,True,False,-0.866,219,-10,45,99,0.334,0
False,False,False,-0.813,56,85,24,53,0.216,0
False,True,False,-0.866,207,-53,32,82,0.678,1
True,False,False,0.707,487,15,-16,-30,0.034,1
False,True,False,-0.259,205,-93,13,26,0.874,0
False,False,False,0.687,296,68,48,45,0.064,1
False,False,True,0.966,247,34,-96,26,0.931,0
False,True,False,-0.866,287,36,-30,40,0.356,0
False,False,False,-0.541,7,85,-93,95,0.958,1
False,True,False,-0.966,373,49,79,-31,0.83,0
False,True,False,-0.5,263,-31,-94,-31,0.183,0
False,False,False,0.981,304,-15,21,-44,0.984,0
True,False,False,-1.0,7,83,20,45,0.287,0
False,True,False,-0.966,1908,0,-9,-60,0.346,0
False,True,False,-0.866,942,-60,-65,34,0.081,0
False,False,False,-0.631,88,24,-51,-21,0.272,0
False,False,False,-0.219,1354,35,49,82,0.759,1
False,False,False,-0.751,7,97,-48,-96,0.279,0
False,True,False,-0.866,234,85,21,60,0.079,1
False,False,False,-0.867,124,28,44,25,0.568,1
False,False,True,0.866,106,7,51,76,0.361,0
False,False,False,-0.081,8,59,82,65,0.516,1
False,False,True,0.259,224,-17,16,44,0.487,0
True,False,False,0.259,313,-92,33,-4,0.129,0
False,True,False,-0.866,4,9,55,78,0.733,0
False,False,True,-0.259,2737,-40,-76,56,0.479,0
False,True,False,-0.966,9,3,-87,-46,0.725,0
False,True,False,-0.966,6,96,-27,-91,0.277,0
False,True,False,-0.866,323,-3,34,54,0.529,0
False,False,True,0.866,314,22,67,95,0.191,0
False,True,False,-0.5,303,-58,49,64,0.9,0
False,False,True,0.5,10,95,50,66,0.818,0
False,False,False,0.972,788,-15,13,16,0.69,0
False,True,False,-0.966,355,-85,-23,-85,0.059,0
True,False,False,-0.966,843,-3,21,-20,0.031,1
False,False,False,0.713,8,97,-87,88,0.111,0
True,False,False,0.5,2406,21,9,4,0.751,1
False,True,False,-0.5,1886,-8,-5,-36,0.455,0
False,True,False,-0.0,1107,-98,-7,54,0.822,0
False,False,False,-0.752,103,92,32,55,0.039,0
False,False,True,0.866,7,99,-87,-99,0.79,0
False,False,True,0.259,3,-93,-17,38,0.339,0
False,False,True,0.966,20,48,72,87,0.512,0
False,False,True,1.0,146,88,47,60,0.115,0
False,False,False,-0.599,2423,72,45,62,0.782,1
False,False,False,0.664,319,37,92,-41,0.202,1
False,False,False,0.957,6,17,15,3,0.469,1
False,False,True,0.966,122,93,92,40,0.524,0
False,False,False,0.986,91,91,94,96,0.538,1
False,False,True,0.707,249,-55,40,88,0.596,0
False,True,False,-0.5,9,23,78,-49,0.787,1
False,False,False,0.418,170,50,82,-67,0.023,1
False,True,False,-0.866,354,-88,-99,89,0.507,0
True,False,False,0.259,15,86,52,-90,0.564,1
False,False,True,0.966,2728,-86,88,-96,0.294,0
False,False,True,0.866,84,58,31,-16,0.364,1
False,False,True,-0.259,177,-43,91,77,0.255,0
False,True,False,-0.259,83,-22,16,-27,0.176,0
True,False,False,0.5,169,-56,43,-50,0.073,0
True,False,False,-0.966,115,-3,-3,-27,0.269,0
False,True,False,-0.707,72,9,-16,-29,0.818,1
False,True,False,-0.5,306,95,-87,82,0.504,0
False,True,False,-0.5,147,7,21,-27,0.589,0
False,True,False,-0.707,104,89,31,43,0.562,1
False,True,False,-0.866,61,-16,-32,-55,0.839,0
False,False,False,-0.479,260,9,-8,-36,0.886,1
False,True,False,-0.5,313,35,95,-77,0.405,0
False,False,True,0.707,315,75,23,60,0.925,0
False,True,False,-0.707,1062,89,36,42,0.498,1
False,False,True,0.866,5,98,16,-46,0.162,0
False,True,False,-0.707,3,-37,-82,59,0.973,0
False,False,False,0.36,151,-36,-69,90,0.17,0
False,True,False,-0.866,93,16,-18,-34,0.169,0
False,False,False,-0.566,1815,-29,32,-6,0.937,1
False,False,False,-0.951,1190,-40,-63,45,0.13,0
True,False,False,0.259,81,19,44,88,0.322,1
False,True,False,-0.5,689,63,70,67,0.377,0
False,False,False,-0.291,46,-89,98,90,0.847,0
False,False,True,0.966,2,29,-32,-48,0.399,0
True,False,False,0.259,62,-54,70,81,0.148,0
False,True,False,-0.259,5,42,72,-31,0.75,1
True,False,False,0.259,496,-70,-14,-10,0.542,0
True,False,False,0.5,3,-16,1,-32,0.432,0
True,False,False,0.707,186,58,91,-79,0.548,1
True,False,False,0.707,229,-64,12,68,0.842,1
False,True,False,-0.5,1,64,31,31,0.372,0
False,True,False,-0.707,432,-91,-35,93,0.901,0
False,True,False,-0.866,1882,89,36,32,0.389,1
False,False,True,0.866,38,36,61,97,0.757,1
False,True,False,-0.707,123,-57,-83,46,0.63,0
False,True,False,-0.707,595,-70,51,88,0.39,1
True,False,False,0.5,221,-39,58,90,0.724,0
False,True,False,-0.707,7,-8,26,-91,0.589,0
False,False,True,0.0,7,57,77,-67,0.095,0
False,False,False,0.467,270,-36,11,-58,0.857,1
False,True,False,-0.966,96,83,33,37,0.028,1
False,True,False,-0.866,1125,-19,3,-25,0.694,0
False,True,False,-0.5,9,52,66,-62,0.79,0
False,False,True,0.707,1294,14,6,-21,0.094,0
False,False,False,-0.959,184,-72,-66,89,0.378,0
False,True,False,-0.866,2408,-20,53,-7,0.747,1
False,False,True,0.707,455,11,42,75,0.884,0
False,False,True,0.966,2345,-15,17,-9,0.8,1
False,True,False,-0.866,67,3,79,79,0.061,0
False,False,True,-0.259,100,47,74,94,0.106,0
False,False,False,0.642,48,-39,-55,35,0.02,1
False,True,False,-0.707,2246,23,72,79,0.372,0
False,False,True,0.259,0,67,68,62,0.481,0
False,False,False,-0.982,81,-51,28,9,0.499,1
True,False,False,0.259,117,71,44,68,0.296,0
False,True,False,-0.5,2,-22,58,-52,0.257,0
False,False,True,0.707,9,-89,85,-3,0.829,0
True,False,False,-1.0,3,92,-88,-92,0.357,0
False,True,False,-0.5,6,34,62,14,0.743,1
False,False,False,0.865,888,32,45,14,0.817,0
False,False,False,-0.348,924,44,81,-60,0.627,0
False,False,False,-1.0,2,-91,0,-13,0.539,0
False,True,False,-0.966,2049,-19,-17,-27,0.338,0
False,True,False,-0.707,130,13,-51,45,0.304,0
False,False,False,0.664,60,-57,-52,47,0.673,0
False,False,True,0.866,2368,-36,-42,74,0.879,1
False,True,False,-0.259,7,23,-11,1,0.006,0
False,False,False,0.551,291,40,94,-59,0.77,1
False,False,False,-0.89,48,51,-47,-4,0.104,1
False,False,False,-1.0,2,33,87,-98,0.49,0
False,False,True,0.966,1360,-7,-15,-57,0.521,0
False,False,True,0.707,2,90,49,-84,0.966,0
False,True,False,-0.866,47,48,84,-74,0.971,0
False,False,False,0.904,20,-32,20,64,0.486,1
False,False,False,-0.564,2707,90,42,34,0.354,1
True,False,False,-1.0,1378,-86,-89,-97,0.002,0
False,False,True,0.0,46,14,20,-48,0.298,1
False,True,False,-0.259,291,30,54,79,0.349,1
False,False,True,0.866,109,-85,88,-93,0.616,0
False,True,False,-0.0,9,54,77,-76,0.338,0
False,False,True,0.866,270,-13,38,-66,0.248,0
False,True,False,-0.866,2012,-68,-31,65,0.739,1
True,False,False,-1.0,1191,-92,97,93,0.726,1
False,False,True,0.966,6,-94,-96,-77,0.173,0
False,False,True,0.866,181,65,59,30,0.537,0
True,False,False,-0.966,2564,16,-60,-11,0.651,0
False,True,False,-0.0,4,-86,-26,91,0.877,0
False,False,True,0.0,0,63,29,49,0.936,0
False,False,False,1.0,628,-54,-30,-24,0.402,0
False,True,False,-0.866,181,-88,-40,86,0.75,0
False,True,False,-0.0,205,-23,-58,66,0.119,0
False,False,True,0.0,7,98,97,-12,0.983,0
False,True,False,-0.259,235,26,72,-47,0.918,1
False,False,True,-0.259,270,26,81,-56,0.543,0
False,False,False,0.704,1619,-14,-59,-94,0.593,0
True,False,False,-0.0,298,7,26,-35,0.887,1
True,False,False,-1.0,69,-90,-96,-87,0.169,0
False,False,True,-0.259,82,55,80,-73,0.905,0
False,True,False,-0.707,2324,-94,28,-100,0.774,0
False,True,False,-0.707,152,59,69,-42,0.791,1
False,False,False,0.736,439,-51,-83,40,0.142,0
False,False,False,0.956,1561,98,-100,-92,0.686,0
True,False,False,-0.0,118,97,-98,-34,0.778,0
False,True,False,-0.866,2468,-94,28,90,0.454,1
False,False,False,0.833,5,2,4,-2,0.742,1
False,True,False,-0.966,5,-98,-18,-29,0.954,0
False,True,False,-0.707,204,-38,-35,80,0.744,0
True,False,False,0.5,0,-24,-52,46,0.579,0
False,True,False,-0.0,1,86,-100,-94,0.968,0
False,False,True,0.5,326,39,5,-21,0.82,0
False,False,False,-0.817,1470,-93,8,-90,0.5,0
True,False,False,0.707,125,1,-4,-25,0.195,1
False,True,False,-0.966,176,42,-12,17,0.466,0
False,False,True,0.966,253,37,49,89,0.291,0
False,True,False,-0.259,701,-42,-2,-35,0.1,0
False,True,False,-0.866,260,-87,-8,-28,0.158,0
False,False,True,0.966,1748,54,94,-79,0.767,0
False,False,False,0.346,1,-44,-51,49,0.89,0
False,True,False,-0.966,121,-46,-53,81,0.164,0
True,False,False,0.259,1107,-48,-57,38,0.796,0
False,True,False,-0.966,224,96,-8,-90,0.069,0
True,False,False,-1.0,1508,67,83,-67,0.289,0
True,False,False,-0.966,11,59,60,-33,0.006,1
False,False,False,0.752,0,-58,9,70,0.886,0
False,True,False,-0.707,103,51,71,-71,0.458,0
False,True,False,-0.966,4,-2,-23,-58,0.082,0
True,False,False,0.259,906,87,70,15,0.824,1
False,False,False,0.103,363,63,28,45,0.963,1
False,True,False,-0.707,1052,-95,1,-7,0.923,1
True,False,False,0.259,456,-31,70,78,0.782,1
True,False,False,-0.966,5,-91,-100,43,0.981,0
False,False,True,0.5,202,-21,78,89,0.021,0
True,False,False,0.5,212,-13,-6,-21,0.088,0
False,False,False,-0.993,1561,-85,85,88,0.118,1
True,False,False,-1.0,134,70,12,9,0.131,1
False,False,False,0.18,11,28,-1,0,0.411,0
True,False,False,0.707,159,78,-7,-69,0.106,0
False,True,False,-0.866,1968,53,61,69,0.535,1
False,False,True,0.707,4,-40,-37,-60,0.197,0
True,False,False,-0.0,1315,-17,18,-19,0.685,1
False,False,True,0.866,6,29,84,-74,0.055,0
False,False,False,0.233,249,-46,-90,43,0.654,0
False,False,False,-0.662,191,-31,-76,46,0.59,0
False,False,False,0.569,204,67,59,38,0.774,0
False,False,False,0.095,110,-86,88,-89,0.669,0
False,True,False,-0.866,2,17,10,-2,0.835,0
True,False,False,0.707,1671,-69,-38,83,0.174,1
True,False,False,-0.966,230,4,44,75,0.455,1
False,False,True,0.966,2794,30,53,-14,0.924,1
True,False,False,-0.966,2299,80,25,57,0.413,1
False,False,False,-0.94,284,22,95,-41,0.795,0
False,False,False,0.392,796,-4,-30,59,0.319,1
False,True,False,-0.0,138,25,17,5,0.867,0
False,False,False,-0.671,1122,34,45,73,0.26,0
False,False,True,0.259,2,-31,28,-53,0.036,0
False,True,False,-0.0,352,-87,-99,98,0.151,0
False,False,False,-0.748,296,56,67,73,0.274,1
False,False,True,0.5,2,-24,25,-22,0.1,0
False,True,False,-0.966,127,-96,-63,-87,0.315,0
False,True,False,-0.5,60,77,36,50,0.817,1
False,False,True,0.966,819,100,91,-86,0.064,0
True,False,False,0.259,1245,-78,64,64,0.05,1
False,False,False,0.37,170,54,64,-72,0.164,1
False,True,False,-0.866,331,69,74,95,0.869,1
False,False,False,0.224,1034,94,-36,94,0.32,1
False,False,True,0.966,207,-100,48,-88,0.283,0
False,True,False,-0.259,384,23,45,-15,0.952,0
False,False,False,-0.197,32,58,-42,-2,0.793,1
False,True,False,-0.966,8,-54,-43,61,0.051,0
False,False,False,-0.392,301,40,68,-50,0.465,1
False,False,False,-0.999,115,61,26,56,0.882,1
False,False,False,-0.876,933,-58,-61,64,0.548,1
True,False,False,0.5,3,-6,-36,95,0.594,1
False,False,True,0.0,8,31,66,-51,0.479,0
True,False,False,-0.966,261,94,-12,-90,0.843,0
False,True,False,-0.5,233,-13,22,90,0.084,0
False,False,True,0.5,195,33,82,61,0.346,0
False,False,True,-0.259,148,-94,-97,-28,0.876,0
False,False,False,0.602,1332,-92,-86,2,0.204,0
True,False,False,0.707,44,-35,-46,28,0.997,1
True,False,False,-0.0,7,38,66,73,0.663,1
True,False,False,-0.966,126,61,68,-44,0.702,1
False,True,False,-0.966,1263,-58,-90,60,0.727,0
False,True,False,-0.866,321,13,78,73,0.061,0
True,False,False,0.5,1910,27,76,-33,0.118,1
False,False,False,-0.689,190,49,97,93,0.864,1
False,False,True,0.5,2273,71,30,60,0.228,0
False,False,False,-0.931,5,23,43,89,0.379,0
False,True,False,-0.5,298,-14,-47,0,0.622,1
False,False,False,-0.032,0,-3,-45,-92,0.41,0
False,True,False,-0.5,7,0,-38,33,0.494,0
False,False,False,-0.781,2396,49,75,71,0.029,1
True,False,False,-0.966,196,62,83,-55,0.516,1
True,False,False,-0.0,1169,24,17,26,0.739,1
False,False,False,-0.371,246,-46,97,94,0.9,1
False,True,False,-0.866,355,94,16,-93,0.41,0
False,False,False,-0.403,1316,86,-99,86,0.7,1
False,False,False,0.637,232,91,97,85,0.161,1
False,True,False,-0.259,1485,-21,7,12,0.444,0
False,True,False,-0.966,2782,31,-99,-18,0.477,0
False,False,True,0.966,236,-40,-42,95,0.724,0
True,False,False,-0.0,2461,31,91,-32,0.123,1
False,False,True,0.707,226,-77,-12,88,0.903,0
False,False,True,0.966,299,50,95,-52,0.99,0
False,False,False,0.989,1182,-39,52,88,0.12,1
True,False,False,-1.0,7,-56,90,91,0.66,0
False,True,False,-0.5,2258,90,-2,40,0.587,1
False,True,False,-0.5,195,-87,7,-90,0.773,0
False,False,True,0.966,1008,42,78,-32,0.587,0
False,True,False,-0.707,1268,22,28,-14,0.229,0
False,False,True,1.0,47,37,65,-55,0.157,0
False,True,False,-0.259,262,65,23,48,0.33,1
False,False,False,-0.359,359,-47,46,70,0.364,1
False,False,True,1.0,1822,6,-91,3,0.479,0
False,True,False,-0.707,241,96,-91,100,0.573,0
False,False,False,-1.0,2,42,77,85,0.853,1
False,False,True,1.0,495,-69,67,62,0.365,0
True,False,False,-0.0,7,-87,-97,21,0.091,0
False,False,True,0.0,307,84,28,41,0.114,0
False,False,False,-0.999,5,-53,-95,69,0.779,0
False,True,False,-0.5,140,19,-53,-15,0.338,0
False,False,True,0.866,7,31,-12,13,0.213,0
False,True,False,-0.707,1756,46,66,94,0.748,1
False,False,True,0.866,270,91,-65,37,0.043,0
False,False,True,0.5,218,-8,-15,-30,0.746,0
False,True,False,-0.5,40,15,5,-94,0.575,0
True,False,False,-0.966,291,66,73,91,0.327,0
False,False,False,-0.384,165,66,42,55,0.857,1
False,False,True,0.5,351,70,88,-39,0.184,0
False,False,False,-0.417,301,-7,12,-17,0.871,0
False,False,True,0.966,298,18,-45,-55,0.217,0
False,True,False,-0.866,2529,16,-18,12,0.177,0
False,False,False,-0.995,239,5,-2,8,0.326,1
False,False,True,0.866,219,-47,-91,84,0.614,1
False,False,False,-0.999,1119,24,24,-5,0.813,1
False,True,False,-0.5,285,48,35,-10,0.48,1
True,False,False,0.5,313,6,-22,-81,0.398,1
False,True,False,-0.259,231,36,-3,-91,0.405,0
False,False,True,0.866,287,100,92,-35,0.545,1
False,False,True,0.259,10,7,-30,39,0.39,0
False,False,False,-0.322,54,46,60,80,0.403,1
False,False,True,0.966,1907,-22,62,99,0.955,0
False,False,False,-0.199,482,17,-2,38,0.554,1
True,False,False,0.707,173,-7,1,55,0.508,1
False,False,False,0.189,107,-59,-86,59,0.35,0
False,True,False,-0.707,210,-40,-45,66,0.483,1
True,False,False,-0.0,2128,94,26,67,0.221,1
False,True,False,-0.707,67,19,-95,-20,0.734,0
False,False,True,0.966,312,70,80,61,0.713,0
False,False,False,-0.194,187,79,71,62,0.843,1
True,False,False,-1.0,206,-5,-73,-19,0.541,0
False,False,False,-0.788,847,-93,100,-77,0.899,1
True,False,False,-1.0,1,-86,-90,-87,0.537,0
False,True,False,-0.259,235,2,43,-25,0.448,1
False,False,False,-0.37,3,-59,-70,54,0.338,1
False,True,False,-0.707,322,-72,-64,87,0.753,0
False,False,True,0.259,209,46,-14,-1,0.746,1
False,False,True,0.0,34,-54,24,-38,0.188,0
False,True,False,-0.707,360,-17,6,27,0.071,0
False,False,True,0.966,785,-93,-91,1,0.605,0
False,False,False,0.445,171,-51,35,51,0.844,1
False,True,False,-0.5,190,-4,18,47,0.326,1
False,False,False,-0.484,159,-51,-35,88,0.664,1
False,False,False,-0.999,63,-2,16,22,0.434,1
False,False,False,0.75,2424,89,-37,0,0.637,1
True,False,False,-0.966,71,-50,-61,94,0.183,0
False,False,False,0.691,55,35,55,90,0.674,1
True,False,False,-1.0,1105,97,-85,-71,0.935,0
False,False,True,0.866,302,56,73,-72,0.709,0
False,False,False,-0.282,167,-42,-64,53,0.36,1
False,False,False,0.079,1118,39,-44,-29,0.393,1
False,True,False,-0.707,7,-99,-23,96,0.337,0
True,False,False,-1.0,133,25,61,-47,0.825,1
False,False,True,0.866,203,11,-72,60,0.454,0
False,False,True,-0.259,2,-3,-31,-97,0.712,0
False,False,True,0.866,1832,49,77,-65,0.516,0
False,False,False,-0.807,575,-76,31,62,0.537,1
True,False,False,-1.0,223,69,93,85,0.406,1
False,False,False,-0.886,1967,-53,-12,-42,0.707,1
False,False,False,-0.635,1403,93,91,-90,0.831,1
False,False,False,-0.084,0,-9,9,-18,0.368,0
False,False,False,-0.481,1226,53,75,-59,0.425,1
False,False,False,-0.867,2698,-95,94,97,0.791,1
False,True,False,-0.866,238,-41,-46,-22,0.769,1
False,False,True,0.5,105,35,64,71,0.044,0
False,True,False,-0.0,1157,93,0,-89,0.695,0
False,True,False,-0.259,1515,-31,33,84,0.987,0
False,False,True,0.866,7,-21,66,82,0.118,0
False,True,False,-0.707,1198,84,0,100,0.249,1
False,False,True,0.707,9,73,91,-38,0.423,0
True,False,False,0.707,241,20,36,46,0.061,1
False,False,True,0.966,6,26,34,30,0.46,0
False,False,True,-0.259,1065,-30,2,58,0.631,0
False,False,False,0.912,7,-36,-45,50,0.497,0
False,True,False,-0.707,455,71,69,62,1.0,1
False,False,False,-0.982,178,-41,91,91,0.411,1
False,True,False,-0.866,53,65,71,-64,0.349,0
False,False,False,0.593,155,94,98,96,0.279,1
False,True,False,-0.966,970,53,76,-66,0.579,0
False,False,True,-0.259,4,40,37,-46,0.243,0
False,True,False,-0.259,3,29,69,-48,0.949,0
False,False,True,1.0,43,-20,8,5,0.5,0
True,False,False,0.707,305,22,-40,-17,0.931,1
False,True,False,-0.0,98,-89,-24,99,0.737,0
False,True,False,-0.966,167,79,59,36,0.073,0
False,False,True,0.259,1752,-57,-51,59,0.624,0
False,True,False,-0.707,225,-89,-7,32,0.973,0
False,False,False,0.967,911,41,100,66,0.455,1
True,False,False,0.707,19,82,39,30,0.202,1
True,False,False,-0.0,1,42,-100,98,0.782,0
False,True,False,-0.966,338,65,38,64,0.082,1
False,True,False,-0.707,304,78,52,54,0.391,0
True,False,False,0.707,1227,-36,-42,61,0.824,1
False,False,True,0.0,10,-23,-19,33,0.637,0
False,False,True,1.0,146,66,94,70,0.862,0
False,False,True,1.0,812,51,66,95,0.164,0
False,True,False,-0.0,252,76,66,94,0.899,1
False,True,False,-0.0,245,91,25,38,0.198,1
False,False,False,-0.383,1,18,-43,-36,0.626,0
False,False,True,0.966,86,15,91,32,0.587,0
False,False,False,-0.775,185,-50,-59,45,0.614,0
False,True,False,-0.966,1,-32,-49,79,0.701,0
True,False,False,-0.966,130,65,86,81,0.397,1
False,False,False,0.562,3,66,81,-71,0.563,0
False,True,False,-0.0,521,56,70,-42,0.155,1
False,False,True,0.5,1803,94,-99,43,0.431,0
False,False,True,0.259,310,45,72,-35,0.865,0
False,False,False,-0.895,2561,-59,-44,50,0.407,1
False,False,False,0.9,211,-48,-47,77,0.094,1
False,True,False,-0.0,3,46,76,66,0.306,0
False,False,False,0.95,276,89,55,42,0.173,0
False,False,False,0.698,1102,97,99,88,0.767,1
True,False,False,0.5,131,27,6,-94,0.392,0
False,False,True,1.0,48,-31,-40,36,0.756,0
False,False,True,0.259,2311,18,43,71,0.049,0
False,False,False,0.993,57,88,46,56,0.502,1
False,False,True,-0.259,42,14,-1,-31,0.187,0
False,False,False,-0.997,133,-7,70,85,0.378,0
False,True,False,-0.866,6,5,56,99,0.08,0
False,False,True,0.0,1709,-29,44,91,0.9,0
False,True,False,-0.966,120,95,-3,53,0.763,1
False,False,True,1.0,778,1,51,77,0.329,0
False,True,False,-0.707,324,86,55,51,0.143,0
False,True,False,-0.966,192,0,22,9,0.342,1
False,True,False,-0.866,947,-2,26,-82,0.829,0
False,True,False,-0.966,2140,16,29,-5,0.211,1
False,False,True,0.707,307,70,51,62,0.284,0
False,True,False,-0.259,109,11,27,-4,0.526,0
True,False,False,0.5,212,-6,35,-40,0.448,0
False,False,False,-0.973,1512,58,72,-61,0.319,1
False,True,False,-0.707,205,-41,57,75,0.084,0
False,True,False,-0.707,90,85,-9,91,0.897,0
True,False,False,-0.0,141,63,-100,99,0.874,1
False,False,True,0.0,1343,-13,73,-26,0.539,1
False,True,False,-0.0,882,41,71,-70,0.175,0
False,False,True,0.966,1046,-52,13,-44,0.755,0
True,False,False,0.5,201,-1,-13,20,0.475,0
False,False,True,-0.259,9,57,95,66,0.045,0
False,False,False,-0.302,1100,31,59,85,0.229,1
False,True,False,-0.866,49,66,92,-58,0.319,0
False,True,False,-0.866,1391,-67,-1,18,0.113,1
False,True,False,-0.5,245,-39,12,-5,0.657,0
False,True,False,-0.707,204,64,55,32,0.274,1
False,True,False,-0.5,187,83,-27,2,0.717,0
False,False,False,0.158,1,-31,-54,91,0.72,1
False,False,False,-0.912,243,-33,-44,72,0.584,1
False,False,False,-0.508,276,74,83,89,0.48,1
False,True,False,-0.707,1817,-28,65,74,0.853,1
False,False,True,0.966,9,13,25,-22,0.608,0
True,False,False,-1.0,59,90,-94,-7,0.414,0
True,False,False,0.707,2736,40,64,66,0.783,1
False,False,True,0.966,244,-97,-89,-89,0.78,0
False,False,True,0.866,271,48,97,-26,0.361,0
True,False,False,-1.0,701,-36,-46,51,0.063,0
False,True,False,-0.259,102,-80,83,-6,0.031,0
False,False,True,0.866,394,-44,28,67,0.62,0
False,False,True,-0.259,966,76,93,66,0.59,0
True,False,False,-0.0,31,-89,99,-14,0.885,1
False,False,False,-0.748,286,76,57,43,0.076,1
False,False,False,1.0,298,24,25,-30,0.484,0
True,False,False,0.707,268,93,20,-41,0.985,1
False,True,False,-0.5,52,-57,28,35,0.157,0
False,False,True,-0.259,35,-13,-19,27,0.153,0
False,False,False,0.318,12,84,-89,85,0.565,1
False,True,False,-0.707,537,13,-28,-16,0.656,1
False,True,False,-0.5,6,20,-36,55,0.389,0
False,False,True,0.866,301,54,86,82,0.658,1
True,False,False,-0.966,6,-25,-36,25,0.21,1
False,False,False,0.718,164,-16,75,73,0.947,1
False,False,True,1.0,31,78,39,34,0.407,1
False,True,False,-0.966,6,-100,2,-64,0.15,0
False,False,True,0.966,184,-93,92,1,0.937,0
False,False,False,-0.787,936,40,32,-6,0.958,1
False,True,False,-0.966,59,-48,-34,10,0.768,1
False,True,False,-0.0,1400,34,77,-79,0.081,0
False,False,True,0.866,82,44,-93,-10,0.081,0
False,True,False,-0.966,93,61,23,46,0.702,1
True,False,False,0.707,1675,-39,-55,-44,0.613,0
False,False,False,0.257,354,89,38,45,0.693,1
False,False,True,0.866,9,-85,-85,22,0.627,0
False,False,True,0.966,202,-100,-89,29,0.962,0
False,True,False,-0.259,283,17,-48,9,0.282,1
False,False,True,0.259,412,67,23,65,0.494,0
False,False,False,-0.523,572,67,64,67,0.25,1
False,False,False,-0.414,1299,-64,94,-98,0.64,0
False,True,False,-0.0,1,44,-20,24,0.603,1
False,False,False,0.991,1,5,-51,14,0.158,0
False,False,False,-0.997,147,80,95,60,0.859,1
False,False,True,0.966,3,-61,-52,79,0.97,0
False,False,False,-0.119,29,-67,-45,86,0.605,0
False,True,False,-0.866,1387,87,30,56,0.935,1
False,False,True,0.259,1734,-76,27,83,0.547,0
False,False,False,-0.822,0,42,80,94,0.599,0
False,False,False,-0.41,68,-88,-94,88,0.445,0
False,False,False,-0.846,207,-38,14,-16,0.039,1
False,False,True,0.259,457,-22,45,75,0.649,0
True,False,False,-0.966,730,84,25,48,0.761,1
False,False,True,0.866,34,69,34,54,0.993,0
False,False,False,-0.31,1778,-72,-61,65,0.213,0
False,False,True,0.5,77,21,-48,-8,0.217,0
False,False,True,-0.259,299,-42,69,80,0.933,0
False,False,True,0.5,289,1,64,100,0.052,1
True,False,False,-0.966,31,50,-17,10,0.755,1
True,False,False,0.5,753,77,77,69,0.441,1
False,False,False,0.551,1577,-62,-31,-85,0.737,0
False,True,False,-0.259,125,57,-1,12,0.93,1
False,False,False,0.164,2429,39,64,-35,0.043,1
True,False,False,-0.966,228,33,93,92,0.087,1
False,False,False,0.375,6,-55,-46,49,0.229,0
False,False,True,0.866,305,66,-47,8,0.89,1
False,False,False,-0.475,36,74,38,65,0.096,1
False,True,False,-0.707,802,-2,-19,-14,0.535,1
False,True,False,-0.5,541,66,61,65,0.79,0
False,False,True,0.966,2817,42,67,-50,0.385,0
True,False,False,0.5,117,-28,-43,48,0.614,1
False,False,True,0.259,665,61,56,43,0.224,0
False,True,False,-0.866,579,-17,58,76,0.9,1
False,True,False,-0.866,95,33,81,-55,0.547,1
False,False,True,0.707,276,-39,-70,64,0.229,0
True,False,False,-0.966,48,-98,-94,-91,0.943,0
True,False,False,0.259,98,80,56,32,0.359,0
False,False,True,1.0,1985,-90,-94,12,0.515,0
True,False,False,-0.966,325,76,38,44,0.084,1
True,False,False,0.707,181,98,34,0,0.751,1
False,True,False,-0.707,150,67,27,58,0.363,0
False,False,True,0.0,3,-29,66,91,0.048,0
False,False,False,-0.993,7,-45,22,7,0.331,0
False,True,False,-0.0,147,60,24,70,0.168,0
False,False,False,-0.538,1342,-29,-29,-9,0.768,1
False,True,False,-0.259,218,-11,7,12,0.106,1
False,False,False,0.597,156,21,70,-39,0.513,0
False,True,False,-0.966,276,99,-96,99,0.176,1
False,True,False,-0.966,35,11,-32,-58,0.159,0
False,True,False,-0.707,350,-12,-11,-1,0.119,1
False,False,True,0.259,247,-61,17,63,0.566,1
False,False,True,0.966,5,-34,-4,23,0.275,0
False,True,False,-0.866,314,-92,-92,95,0.281,0
False,False,True,0.259,7,40,39,-34,0.262,0
False,True,False,-0.866,288,-59,-61,76,0.517,0
False,True,False,-0.866,9,36,74,-73,0.039,0
False,False,True,0.0,1431,15,47,74,0.336,0
False,False,False,0.954,19,-86,89,63,0.266,0
False,False,False,0.866,5,28,89,-71,0.907,0
True,False,False,-0.0,2,-93,90,89,0.036,0
False,False,False,0.94,1744,-7,1,39,0.672,1
False,True,False,-0.866,151,31,80,-52,0.902,0
False,False,False,-0.079,327,-44,-52,70,0.997,0
False,False,False,-0.353,230,-95,98,-58,0.469,1
False,False,False,0.423,65,-95,24,-94,0.741,0
True,False,False,0.259,43,-38,-42,62,0.194,1
False,True,False,-0.5,73,42,66,89,0.811,1
False,True,False,-0.866,351,46,-24,-96,0.629,0
False,False,True,0.966,4,-36,-65,93,0.358,0
False,False,False,-0.749,280,28,71,87,0.907,1
False,False,False,-0.023,7,-20,-60,-39,0.623,0
False,False,True,0.866,232,26,72,-68,0.646,0
False,True,False,-0.259,171,-23,-63,48,0.063,0
False,False,False,-0.98,208,50,93,60,0.292,1
False,True,False,-0.0,184,-32,-67,-99,0.701,0
False,True,False,-0.707,199,-26,-42,63,0.481,0
False,True,False,-0.707,1858,93,24,39,0.811,1
False,True,False,-0.966,1085,-14,69,71,0.252,1
False,False,False,-0.337,354,58,-93,-90,0.893,0
False,False,False,0.712,908,87,-93,-86,0.053,0
True,False,False,-0.966,271,35,84,-75,0.73,1
False,False,False,-0.995,235,-37,35,67,0.515,1
True,False,False,-0.966,192,33,-21,28,0.117,1
False,True,False,-0.5,276,78,17,-3,0.114,1
False,True,False,-0.866,250,68,32,52,0.195,0
False,False,True,0.866,93,-22,38,-6,0.39,0
False,True,False,-0.0,348,91,-90,95,0.786,0
False,False,True,0.966,687,29,31,23,0.302,1
False,False,True,0.707,2,-100,93,19,0.432,0
False,False,True,0.259,471,32,-21,8,0.868,0
False,False,True,-0.259,88,-41,-43,62,0.532,0
False,True,False,-0.707,38,13,-9,-51,0.03,0
False,True,False,-0.0,327,31,-35,2,0.762,1
False,True,False,-0.5,36,-33,-84,79,0.583,1
False,False,True,0.866,4,-5,91,2,0.866,1
False,False,False,0.565,2,83,44,39,0.024,0
False,False,True,0.0,41,28,14,-46,0.85,0
False,False,True,0.259,247,-53,-55,45,0.533,0
False,False,False,-0.939,304,27,-3,-20,0.479,1
False,False,False,-0.046,139,-40,-23,8,0.62,0
False,True,False,-0.0,805,-29,61,85,0.1,1
False,False,False,0.07,2,-41,-55,37,0.56,0
False,True,False,-0.866,1002,71,49,43,0.876,1
False,True,False,-0.707,1,14,54,-69,0.488,0
False,True,False,-0.5,322,94,-50,98,0.813,1
True,False,False,0.707,4,83,21,32,0.11,0
False,False,True,0.0,1212,-94,92,5,0.935,0
False,True,False,-0.259,1703,94,-93,28,0.899,0
False,False,False,-0.987,31,-50,62,83,0.834,0
False,False,True,1.0,347,82,29,70,0.873,0
False,False,True,-0.259,258,-87,88,-90,0.854,0
False,False,True,0.0,62,10,49,76,0.87,0
False,True,False,-0.866,9,57,64,-41,0.605,0
False,False,False,0.898,1,80,64,60,0.987,0
True,False,False,-1.0,1215,-54,-43,42,0.542,0
False,False,False,-0.119,7,-17,-2,-40,0.188,1
False,False,True,-0.259,708,69,84,78,0.719,0
False,True,False,-0.866,921,48,92,73,0.002,0
False,False,False,-0.107,2496,-66,-17,-1,0.014,0
False,True,False,-0.259,3,-85,15,-87,0.743,0
False,False,True,0.707,1167,69,52,50,0.397,0
False,False,True,0.5,786,-30,-83,67,0.801,0
False,True,False,-0.866,823,-44,-64,68,0.848,0
False,False,False,0.993,0,85,52,64,0.954,0
False,False,True,0.707,120,-46,-68,38,0.17,0
False,False,False,0.256,18,-46,-78,40,0.419,0
False,False,True,0.866,68,-28,52,86,0.077,0
False,False,True,0.5,233,-13,41,73,0.365,0
False,False,False,-0.959,1425,97,90,100,0.6,1
False,False,True,0.866,5,74,27,32,0.395,0
False,True,False,-0.5,2592,88,44,54,0.151,1
False,False,True,0.0,1146,43,74,66,0.831,0
False,False,False,0.371,3,-93,-100,-90,0.538,0
False,True,False,-0.707,353,89,-92,-23,0.929,1
False,False,False,0.869,70,-86,-47,-99,0.527,0
False,True,False,-0.5,86,-62,-55,93,0.7,0
False,False,True,0.966,450,37,75,63,0.124,0
False,True,False,-0.5,291,-21,-9,-73,0.994,0
False,False,True,-0.259,134,50,66,74,0.105,1
True,False,False,-0.0,1967,-21,-85,97,0.067,0
False,True,False,-0.0,542,-45,-41,53,0.614,1
True,False,False,0.259,270,0,0,39,0.784,1
False,False,True,0.966,173,-47,65,87,0.324,0
False,False,True,0.5,326,-44,-36,81,0.446,0
False,False,False,-0.631,10,-8,58,86,0.22,0
True,False,False,-0.0,353,100,88,-87,0.01,1
False,False,False,-0.431,509,-64,3,33,0.639,0
False,True,False,-0.707,5,62,51,42,0.997,0
True,False,False,-1.0,310,65,81,-72,0.959,0
False,False,False,-0.466,229,58,79,72,0.184,1
False,True,False,-0.966,253,-85,5,-20,0.348,0
False,False,False,1.0,1286,90,59,65,0.053,1
False,False,True,0.0,34,64,20,64,0.712,1
False,False,True,0.866,69,-64,-95,37,0.78,0
False,False,False,1.0,353,-96,-50,-28,0.973,0
False,False,False,0.359,608,7,29,-25,0.319,0
False,False,True,0.966,274,-49,-70,81,0.767,0
False,False,True,1.0,3,57,67,-76,0.461,0
False,True,False,-0.0,1,-23,12,-42,0.599,0
True,False,False,0.707,3,-16,10,3,0.181,1
False,True,False,-0.966,5,78,51,46,0.811,1
False,False,False,-0.957,9,-44,75,93,0.964,1
False,True,False,-0.5,1373,55,87,72,0.988,1
False,True,False,-0.866,301,-85,-88,94,0.359,1
True,False,False,0.707,177,3,10,-46,0.896,1
False,False,False,0.935,722,-75,-54,67,0.095,0
False,True,False,-0.707,81,83,53,45,0.838,1
False,False,False,0.33,66,-87,-89,90,0.349,0
False,False,False,0.854,2419,86,35,61,0.177,1
False,True,False,-0.259,1802,27,-22,87,0.796,1
False,False,True,1.0,188,63,51,42,0.746,1
False,True,False,-0.966,5,33,75,62,0.948,0
True,False,False,-1.0,87,-59,-73,68,0.925,1
True,False,False,-0.0,319,24,24,-4,0.798,1
False,False,False,-0.292,488,61,78,92,0.403,1
False,False,False,0.607,318,31,62,-60,0.699,1
False,False,False,-0.089,139,100,-86,78,0.747,1
False,False,True,1.0,150,84,29,57,0.642,0
False,False,True,0.259,126,39,-27,-9,0.466,0
True,False,False,-0.966,21,48,69,-57,0.709,0
True,False,False,-0.0,1026,33,0,-15,0.359,1
False,False,True,0.707,0,6,26,-33,0.742,0
False,False,False,-0.875,696,4,63,99,0.338,0
True,False,False,-1.0,205,-51,-61,58,0.597,1
True,False,False,-0.966,279,-31,-83,88,0.869,1
False,True,False,-0.966,4,40,-35,-27,0.204,0
False,False,False,0.334,125,38,-94,90,0.234,1
False,True,False,-0.866,720,100,-24,-89,0.839,0
True,False,False,-1.0,7,-56,-75,50,0.578,0
False,True,False,-0.707,28,-44,-58,70,0.488,0
True,False,False,-0.966,285,95,-85,-61,0.733,0
False,False,True,-0.259,287,-4,56,74,0.487,1
False,True,False,-0.866,2,-39,39,79,0.224,0
True,False,False,0.5,111,-30,1,-9,0.402,1
False,True,False,-0.259,38,38,76,-46,0.27,0
False,False,False,0.665,2172,32,83,80,0.635,1
False,False,False,-0.145,108,47,66,95,0.846,1
False,False,False,-0.574,9,19,47,91,0.74,1
False,True,False,-0.0,337,-97,-8,-99,0.9,0
False,False,False,-0.041,292,46,93,-56,0.875,0
False,False,False,0.214,149,26,46,84,0.496,1
False,True,False,-0.5,8,44,73,90,0.26,0
False,True,False,-0.707,152,-43,-40,1,0.335,1
False,True,False,-0.866,26,-28,-46,8,0.446,0
False,True,False,-0.0,2350,-58,97,69,0.704,0
True,False,False,0.5,43,-29,46,-45,0.618,0
False,True,False,-0.707,56,24,48,83,0.721,0
False,True,False,-0.707,1108,-100,-55,91,0.846,0
True,False,False,0.259,1102,40,85,-62,0.369,1
False,True,False,-0.0,2,34,69,-79,0.292,0
False,False,False,0.277,916,-7,-34,23,0.431,1
False,True,False,-0.707,54,59,81,89,0.616,0
False,True,False,-0.866,223,54,62,92,0.532,0
False,True,False,-0.866,144,-60,-56,65,0.202,0
True,False,False,-1.0,300,-40,36,67,0.763,1
False,False,False,0.818,88,-46,99,43,0.304,1
False,False,True,1.0,297,55,60,-33,0.169,1
True,False,False,0.707,21,-93,91,-97,0.878,0
False,False,True,0.5,287,-2,17,35,0.222,0
False,True,False,-0.707,67,-43,-78,45,0.389,0
False,True,False,-0.866,9,-13,-22,-53,0.43,0
False,False,False,0.727,8,30,48,78,0.63,1
True,False,False,0.707,74,-31,-48,34,0.172,1
False,True,False,-0.866,102,39,67,75,0.59,1
False,False,True,0.707,1469,5,-31,-30,0.364,1
False,True,False,-0.966,26,-68,-95,-89,0.314,0
False,False,True,0.966,277,-51,-77,44,0.362,1
False,True,False,-0.259,65,-4,76,87,0.407,1
False,False,True,0.0,327,-53,-52,44,0.97,0
False,False,True,0.0,68,73,87,72,0.902,0
False,True,False,-0.866,1,26,20,11,0.918,0
False,True,False,-0.866,296,87,-14,98,0.065,1
False,False,False,0.143,59,-30,-81,54,0.428,0
False,True,False,-0.259,138,43,69,-50,0.228,0
False,True,False,-0.866,766,-15,9,21,0.042,1
False,False,False,-0.932,6,24,-15,6,0.048,1
False,True,False,-0.707,28,-13,-41,10,0.912,0
False,False,False,0.379,358,44,94,-47,0.992,1
False,True,False,-0.966,176,100,-98,20,0.497,0
True,False,False,-1.0,5,92,41,-38,0.301,1
False,False,False,-0.331,4,-64,49,69,0.439,1
False,False,False,0.05,79,75,95,89,0.785,1
False,True,False,-0.866,708,86,-89,-99,0.006,0
False,False,False,0.802,53,93,-4,-51,0.926,1
False,False,False,0.999,94,28,42,-26,0.488,0
False,False,True,-0.259,1642,63,82,62,0.727,0
False,False,True,0.707,1754,-33,11,-6,0.088,0
True,False,False,-0.0,2407,32,72,92,0.009,1
False,True,False,-0.5,1737,-89,-4,-96,0.754,0
False,True,False,-0.0,348,86,53,42,0.519,0
True,False,False,-0.966,108,88,-94,-90,0.701,0
False,True,False,-0.259,8,95,-22,98,0.699,0
False,False,False,-0.909,306,-21,39,26,0.038,1
False,False,False,-0.994,9,79,22,61,0.285,1
False,True,False,-0.966,305,-45,-66,35,0.027,0
True,False,False,0.259,1021,-79,-31,80,0.984,1
False,False,False,0.768,808,81,35,57,0.914,0
False,False,False,0.992,2856,22,-10,3,0.658,1
False,False,False,0.222,143,-33,-43,34,0.53,1
True,False,False,-0.966,203,76,33,47,0.856,1
False,True,False,-0.866,75,-29,-60,-96,0.089,0
True,False,False,-0.966,3,-99,94,100,0.417,0
False,False,True,0.966,226,-99,-93,-91,0.322,0
False,True,False,-0.866,0,72,84,78,0.531,1
False,True,False,-0.5,49,50,89,-62,0.868,0
False,False,False,0.235,183,70,26,65,0.539,1
True,False,False,-0.0,175,-10,19,-89,0.43,0
False,False,True,0.966,2,47,-10,-27,0.931,0
True,False,False,-0.0,10,88,41,43,0.714,0
True,False,False,0.259,97,57,66,-72,0.482,0
True,False,False,0.707,1567,-37,-78,69,0.895,1
False,False,False,0.992,1248,61,9,24,0.88,1
False,False,True,0.966,9,54,83,-37,0.895,1
False,True,False,-0.259,1167,4,-15,-9,0.991,0
False,False,True,0.866,219,68,99,-24,0.169,0
False,False,True,0.0,127,-30,-31,85,0.696,0
False,True,False,-0.866,107,-41,-90,64,0.152,0
False,True,False,-0.966,5,58,69,69,0.698,1
False,False,True,0.707,265,91,52,51,0.119,0
True,False,False,-0.966,55,89,43,44,0.806,1
False,False,True,0.866,251,-44,68,68,0.436,0
False,False,False,0.494,70,51,-86,-92,0.034,0
False,True,False,-0.707,54,91,-92,-97,0.034,0
False,False,False,0.096,1642,-97,-61,-87,0.87,0
False,False,False,0.638,200,-1,89,-49,0.966,1
False,True,False,-0.5,4,89,36,48,0.287,0
False,False,True,-0.259,123,13,77,40,0.639,0
False,True,False,-0.866,280,91,-87,38,0.231,0
False,True,False,-0.866,2772,38,72,76,0.15,1
False,False,True,0.259,24,9,16,-8,0.551,0
True,False,False,0.259,2,29,90,-50,0.795,0
True,False,False,-0.0,2,-9,51,85,0.488,1
False,False,False,0.953,8,56,85,-66,0.574,0
True,False,False,-0.0,227,57,75,66,0.132,1
False,False,True,0.866,94,-84,-96,-5,0.553,0
False,True,False,-0.866,255,25,-20,26,0.127,1
True,False,False,-0.966,224,-29,87,100,0.201,1
True,False,False,0.707,381,-21,-82,66,0.942,1
False,True,False,-0.966,456,-11,5,28,0.802,1
False,False,False,-0.987,20,37,56,75,0.153,0
False,True,False,-0.0,193,4,-2,-79,0.335,0
True,False,False,-0.0,416,41,92,-43,0.198,1
False,False,True,-0.259,1062,-5,-41,-17,0.308,0
False,True,False,-0.0,320,26,91,-49,0.905,0
False,True,False,-0.866,1319,50,74,-71,0.98,0
False,True,False,-0.0,7,-95,-93,90,0.312,0
False,False,True,0.966,1353,52,88,-68,0.364,1
True,False,False,0.5,2776,-54,-22,74,0.545,1
False,True,False,-0.707,228,62,94,89,0.157,1
False,True,False,-0.966,305,43,93,-31,0.327,0
False,True,False,-0.0,154,-17,9,30,0.989,1
False,False,False,-0.344,1838,-76,-16,-23,0.922,0
False,True,False,-0.866,229,-42,68,78,0.332,1
False,False,True,1.0,258,-85,54,-2,0.292,0
False,True,False,-0.707,208,48,-49,26,0.389,1
False,False,True,0.259,2084,21,-42,26,0.646,0
False,False,True,0.966,161,-28,-10,38,0.056,0
False,True,False,-0.966,278,-27,72,95,0.17,1
False,True,False,-0.5,65,-53,-80,-53,0.723,0
True,False,False,0.259,7,55,0,-4,0.438,0
False,False,True,0.966,229,-39,-56,44,0.801,0
False,True,False,-0.707,10,86,-16,15,0.761,0
True,False,False,-1.0,90,-32,-44,45,0.478,1
False,False,False,-0.357,204,-36,-87,32,0.243,0
False,True,False,-0.707,163,64,59,41,0.608,0
False,False,True,0.966,4,-70,51,88,0.113,0
False,False,False,-0.954,2,23,13,0,0.722,0
